--
-- PostgreSQL database dump
--

-- Dumped from database version 12.0
-- Dumped by pg_dump version 12.0

SET statement_timeout = 0;
SET lock_timeout = 0;
SET idle_in_transaction_session_timeout = 0;
SET client_encoding = 'UTF8';
SET standard_conforming_strings = on;
SELECT pg_catalog.set_config('search_path', '', false);
SET check_function_bodies = false;
SET xmloption = content;
SET client_min_messages = warning;
SET row_security = off;

SET default_tablespace = '';

SET default_table_access_method = heap;

--
-- Name: auth_group; Type: TABLE; Schema: public; Owner: copro_profiles_user
--

CREATE TABLE public.auth_group (
    id integer NOT NULL,
    name character varying(150) NOT NULL
);


ALTER TABLE public.auth_group OWNER TO copro_profiles_user;

--
-- Name: auth_group_id_seq; Type: SEQUENCE; Schema: public; Owner: copro_profiles_user
--

CREATE SEQUENCE public.auth_group_id_seq
    AS integer
    START WITH 1
    INCREMENT BY 1
    NO MINVALUE
    NO MAXVALUE
    CACHE 1;


ALTER TABLE public.auth_group_id_seq OWNER TO copro_profiles_user;

--
-- Name: auth_group_id_seq; Type: SEQUENCE OWNED BY; Schema: public; Owner: copro_profiles_user
--

ALTER SEQUENCE public.auth_group_id_seq OWNED BY public.auth_group.id;


--
-- Name: auth_group_permissions; Type: TABLE; Schema: public; Owner: copro_profiles_user
--

CREATE TABLE public.auth_group_permissions (
    id integer NOT NULL,
    group_id integer NOT NULL,
    permission_id integer NOT NULL
);


ALTER TABLE public.auth_group_permissions OWNER TO copro_profiles_user;

--
-- Name: auth_group_permissions_id_seq; Type: SEQUENCE; Schema: public; Owner: copro_profiles_user
--

CREATE SEQUENCE public.auth_group_permissions_id_seq
    AS integer
    START WITH 1
    INCREMENT BY 1
    NO MINVALUE
    NO MAXVALUE
    CACHE 1;


ALTER TABLE public.auth_group_permissions_id_seq OWNER TO copro_profiles_user;

--
-- Name: auth_group_permissions_id_seq; Type: SEQUENCE OWNED BY; Schema: public; Owner: copro_profiles_user
--

ALTER SEQUENCE public.auth_group_permissions_id_seq OWNED BY public.auth_group_permissions.id;


--
-- Name: auth_permission; Type: TABLE; Schema: public; Owner: copro_profiles_user
--

CREATE TABLE public.auth_permission (
    id integer NOT NULL,
    name character varying(255) NOT NULL,
    content_type_id integer NOT NULL,
    codename character varying(100) NOT NULL
);


ALTER TABLE public.auth_permission OWNER TO copro_profiles_user;

--
-- Name: auth_permission_id_seq; Type: SEQUENCE; Schema: public; Owner: copro_profiles_user
--

CREATE SEQUENCE public.auth_permission_id_seq
    AS integer
    START WITH 1
    INCREMENT BY 1
    NO MINVALUE
    NO MAXVALUE
    CACHE 1;


ALTER TABLE public.auth_permission_id_seq OWNER TO copro_profiles_user;

--
-- Name: auth_permission_id_seq; Type: SEQUENCE OWNED BY; Schema: public; Owner: copro_profiles_user
--

ALTER SEQUENCE public.auth_permission_id_seq OWNED BY public.auth_permission.id;


--
-- Name: auth_user; Type: TABLE; Schema: public; Owner: copro_profiles_user
--

CREATE TABLE public.auth_user (
    id integer NOT NULL,
    password character varying(128) NOT NULL,
    last_login timestamp with time zone,
    is_superuser boolean NOT NULL,
    username character varying(150) NOT NULL,
    first_name character varying(30) NOT NULL,
    last_name character varying(150) NOT NULL,
    email character varying(254) NOT NULL,
    is_staff boolean NOT NULL,
    is_active boolean NOT NULL,
    date_joined timestamp with time zone NOT NULL
);


ALTER TABLE public.auth_user OWNER TO copro_profiles_user;

--
-- Name: auth_user_groups; Type: TABLE; Schema: public; Owner: copro_profiles_user
--

CREATE TABLE public.auth_user_groups (
    id integer NOT NULL,
    user_id integer NOT NULL,
    group_id integer NOT NULL
);


ALTER TABLE public.auth_user_groups OWNER TO copro_profiles_user;

--
-- Name: auth_user_groups_id_seq; Type: SEQUENCE; Schema: public; Owner: copro_profiles_user
--

CREATE SEQUENCE public.auth_user_groups_id_seq
    AS integer
    START WITH 1
    INCREMENT BY 1
    NO MINVALUE
    NO MAXVALUE
    CACHE 1;


ALTER TABLE public.auth_user_groups_id_seq OWNER TO copro_profiles_user;

--
-- Name: auth_user_groups_id_seq; Type: SEQUENCE OWNED BY; Schema: public; Owner: copro_profiles_user
--

ALTER SEQUENCE public.auth_user_groups_id_seq OWNED BY public.auth_user_groups.id;


--
-- Name: auth_user_id_seq; Type: SEQUENCE; Schema: public; Owner: copro_profiles_user
--

CREATE SEQUENCE public.auth_user_id_seq
    AS integer
    START WITH 1
    INCREMENT BY 1
    NO MINVALUE
    NO MAXVALUE
    CACHE 1;


ALTER TABLE public.auth_user_id_seq OWNER TO copro_profiles_user;

--
-- Name: auth_user_id_seq; Type: SEQUENCE OWNED BY; Schema: public; Owner: copro_profiles_user
--

ALTER SEQUENCE public.auth_user_id_seq OWNED BY public.auth_user.id;


--
-- Name: auth_user_user_permissions; Type: TABLE; Schema: public; Owner: copro_profiles_user
--

CREATE TABLE public.auth_user_user_permissions (
    id integer NOT NULL,
    user_id integer NOT NULL,
    permission_id integer NOT NULL
);


ALTER TABLE public.auth_user_user_permissions OWNER TO copro_profiles_user;

--
-- Name: auth_user_user_permissions_id_seq; Type: SEQUENCE; Schema: public; Owner: copro_profiles_user
--

CREATE SEQUENCE public.auth_user_user_permissions_id_seq
    AS integer
    START WITH 1
    INCREMENT BY 1
    NO MINVALUE
    NO MAXVALUE
    CACHE 1;


ALTER TABLE public.auth_user_user_permissions_id_seq OWNER TO copro_profiles_user;

--
-- Name: auth_user_user_permissions_id_seq; Type: SEQUENCE OWNED BY; Schema: public; Owner: copro_profiles_user
--

ALTER SEQUENCE public.auth_user_user_permissions_id_seq OWNED BY public.auth_user_user_permissions.id;


--
-- Name: copro_profiles_team; Type: TABLE; Schema: public; Owner: copro_profiles_user
--

CREATE TABLE public.copro_profiles_team (
    id integer NOT NULL,
    team_name character varying(100) NOT NULL,
    logo character varying(100) NOT NULL,
    team_admin_id integer NOT NULL,
    description character varying(255) NOT NULL,
    created_date date NOT NULL,
    updated_date date NOT NULL
);


ALTER TABLE public.copro_profiles_team OWNER TO copro_profiles_user;

--
-- Name: copro_profiles_team_id_seq; Type: SEQUENCE; Schema: public; Owner: copro_profiles_user
--

CREATE SEQUENCE public.copro_profiles_team_id_seq
    AS integer
    START WITH 1
    INCREMENT BY 1
    NO MINVALUE
    NO MAXVALUE
    CACHE 1;


ALTER TABLE public.copro_profiles_team_id_seq OWNER TO copro_profiles_user;

--
-- Name: copro_profiles_team_id_seq; Type: SEQUENCE OWNED BY; Schema: public; Owner: copro_profiles_user
--

ALTER SEQUENCE public.copro_profiles_team_id_seq OWNED BY public.copro_profiles_team.id;


--
-- Name: copro_profiles_teamlink; Type: TABLE; Schema: public; Owner: copro_profiles_user
--

CREATE TABLE public.copro_profiles_teamlink (
    id integer NOT NULL,
    label character varying(100) NOT NULL,
    url text NOT NULL,
    screenshot character varying(100) NOT NULL,
    created_date date NOT NULL,
    updated_date date NOT NULL,
    team_id integer NOT NULL
);


ALTER TABLE public.copro_profiles_teamlink OWNER TO copro_profiles_user;

--
-- Name: copro_profiles_teamlink_id_seq; Type: SEQUENCE; Schema: public; Owner: copro_profiles_user
--

CREATE SEQUENCE public.copro_profiles_teamlink_id_seq
    AS integer
    START WITH 1
    INCREMENT BY 1
    NO MINVALUE
    NO MAXVALUE
    CACHE 1;


ALTER TABLE public.copro_profiles_teamlink_id_seq OWNER TO copro_profiles_user;

--
-- Name: copro_profiles_teamlink_id_seq; Type: SEQUENCE OWNED BY; Schema: public; Owner: copro_profiles_user
--

ALTER SEQUENCE public.copro_profiles_teamlink_id_seq OWNED BY public.copro_profiles_teamlink.id;


--
-- Name: copro_profiles_worker; Type: TABLE; Schema: public; Owner: copro_profiles_user
--

CREATE TABLE public.copro_profiles_worker (
    id integer NOT NULL,
    first_name character varying(100) NOT NULL,
    last_name character varying(100) NOT NULL,
    email character varying(100) NOT NULL,
    phone character varying(20) NOT NULL,
    headshot character varying(100) NOT NULL,
    street character varying(255) NOT NULL,
    city character varying(100) NOT NULL,
    state character varying(100) NOT NULL,
    country character varying(100) NOT NULL,
    availability character varying(3) NOT NULL,
    min_hourly_rate integer NOT NULL,
    skills text NOT NULL,
    headline character varying(255) NOT NULL,
    referred_by character varying(255) NOT NULL,
    "references" text NOT NULL,
    referred_to text NOT NULL,
    comments text NOT NULL,
    sign_up_date date NOT NULL,
    updated_date date NOT NULL
);


ALTER TABLE public.copro_profiles_worker OWNER TO copro_profiles_user;

--
-- Name: copro_profiles_worker_connections; Type: TABLE; Schema: public; Owner: copro_profiles_user
--

CREATE TABLE public.copro_profiles_worker_connections (
    id integer NOT NULL,
    from_worker_id integer NOT NULL,
    to_worker_id integer NOT NULL
);


ALTER TABLE public.copro_profiles_worker_connections OWNER TO copro_profiles_user;

--
-- Name: copro_profiles_worker_connections_id_seq; Type: SEQUENCE; Schema: public; Owner: copro_profiles_user
--

CREATE SEQUENCE public.copro_profiles_worker_connections_id_seq
    AS integer
    START WITH 1
    INCREMENT BY 1
    NO MINVALUE
    NO MAXVALUE
    CACHE 1;


ALTER TABLE public.copro_profiles_worker_connections_id_seq OWNER TO copro_profiles_user;

--
-- Name: copro_profiles_worker_connections_id_seq; Type: SEQUENCE OWNED BY; Schema: public; Owner: copro_profiles_user
--

ALTER SEQUENCE public.copro_profiles_worker_connections_id_seq OWNED BY public.copro_profiles_worker_connections.id;


--
-- Name: copro_profiles_worker_id_seq; Type: SEQUENCE; Schema: public; Owner: copro_profiles_user
--

CREATE SEQUENCE public.copro_profiles_worker_id_seq
    AS integer
    START WITH 1
    INCREMENT BY 1
    NO MINVALUE
    NO MAXVALUE
    CACHE 1;


ALTER TABLE public.copro_profiles_worker_id_seq OWNER TO copro_profiles_user;

--
-- Name: copro_profiles_worker_id_seq; Type: SEQUENCE OWNED BY; Schema: public; Owner: copro_profiles_user
--

ALTER SEQUENCE public.copro_profiles_worker_id_seq OWNED BY public.copro_profiles_worker.id;


--
-- Name: copro_profiles_workerlink; Type: TABLE; Schema: public; Owner: copro_profiles_user
--

CREATE TABLE public.copro_profiles_workerlink (
    id integer NOT NULL,
    label character varying(100) NOT NULL,
    url character varying(1000) NOT NULL,
    screenshot character varying(100) NOT NULL,
    created_date date NOT NULL,
    updated_date date NOT NULL,
    worker_id integer NOT NULL
);


ALTER TABLE public.copro_profiles_workerlink OWNER TO copro_profiles_user;

--
-- Name: copro_profiles_workerlink_id_seq; Type: SEQUENCE; Schema: public; Owner: copro_profiles_user
--

CREATE SEQUENCE public.copro_profiles_workerlink_id_seq
    AS integer
    START WITH 1
    INCREMENT BY 1
    NO MINVALUE
    NO MAXVALUE
    CACHE 1;


ALTER TABLE public.copro_profiles_workerlink_id_seq OWNER TO copro_profiles_user;

--
-- Name: copro_profiles_workerlink_id_seq; Type: SEQUENCE OWNED BY; Schema: public; Owner: copro_profiles_user
--

ALTER SEQUENCE public.copro_profiles_workerlink_id_seq OWNED BY public.copro_profiles_workerlink.id;


--
-- Name: django_admin_log; Type: TABLE; Schema: public; Owner: copro_profiles_user
--

CREATE TABLE public.django_admin_log (
    id integer NOT NULL,
    action_time timestamp with time zone NOT NULL,
    object_id text,
    object_repr character varying(200) NOT NULL,
    action_flag smallint NOT NULL,
    change_message text NOT NULL,
    content_type_id integer,
    user_id integer NOT NULL,
    CONSTRAINT django_admin_log_action_flag_check CHECK ((action_flag >= 0))
);


ALTER TABLE public.django_admin_log OWNER TO copro_profiles_user;

--
-- Name: django_admin_log_id_seq; Type: SEQUENCE; Schema: public; Owner: copro_profiles_user
--

CREATE SEQUENCE public.django_admin_log_id_seq
    AS integer
    START WITH 1
    INCREMENT BY 1
    NO MINVALUE
    NO MAXVALUE
    CACHE 1;


ALTER TABLE public.django_admin_log_id_seq OWNER TO copro_profiles_user;

--
-- Name: django_admin_log_id_seq; Type: SEQUENCE OWNED BY; Schema: public; Owner: copro_profiles_user
--

ALTER SEQUENCE public.django_admin_log_id_seq OWNED BY public.django_admin_log.id;


--
-- Name: django_content_type; Type: TABLE; Schema: public; Owner: copro_profiles_user
--

CREATE TABLE public.django_content_type (
    id integer NOT NULL,
    app_label character varying(100) NOT NULL,
    model character varying(100) NOT NULL
);


ALTER TABLE public.django_content_type OWNER TO copro_profiles_user;

--
-- Name: django_content_type_id_seq; Type: SEQUENCE; Schema: public; Owner: copro_profiles_user
--

CREATE SEQUENCE public.django_content_type_id_seq
    AS integer
    START WITH 1
    INCREMENT BY 1
    NO MINVALUE
    NO MAXVALUE
    CACHE 1;


ALTER TABLE public.django_content_type_id_seq OWNER TO copro_profiles_user;

--
-- Name: django_content_type_id_seq; Type: SEQUENCE OWNED BY; Schema: public; Owner: copro_profiles_user
--

ALTER SEQUENCE public.django_content_type_id_seq OWNED BY public.django_content_type.id;


--
-- Name: django_migrations; Type: TABLE; Schema: public; Owner: copro_profiles_user
--

CREATE TABLE public.django_migrations (
    id integer NOT NULL,
    app character varying(255) NOT NULL,
    name character varying(255) NOT NULL,
    applied timestamp with time zone NOT NULL
);


ALTER TABLE public.django_migrations OWNER TO copro_profiles_user;

--
-- Name: django_migrations_id_seq; Type: SEQUENCE; Schema: public; Owner: copro_profiles_user
--

CREATE SEQUENCE public.django_migrations_id_seq
    AS integer
    START WITH 1
    INCREMENT BY 1
    NO MINVALUE
    NO MAXVALUE
    CACHE 1;


ALTER TABLE public.django_migrations_id_seq OWNER TO copro_profiles_user;

--
-- Name: django_migrations_id_seq; Type: SEQUENCE OWNED BY; Schema: public; Owner: copro_profiles_user
--

ALTER SEQUENCE public.django_migrations_id_seq OWNED BY public.django_migrations.id;


--
-- Name: django_session; Type: TABLE; Schema: public; Owner: copro_profiles_user
--

CREATE TABLE public.django_session (
    session_key character varying(40) NOT NULL,
    session_data text NOT NULL,
    expire_date timestamp with time zone NOT NULL
);


ALTER TABLE public.django_session OWNER TO copro_profiles_user;

--
-- Name: auth_group id; Type: DEFAULT; Schema: public; Owner: copro_profiles_user
--

ALTER TABLE ONLY public.auth_group ALTER COLUMN id SET DEFAULT nextval('public.auth_group_id_seq'::regclass);


--
-- Name: auth_group_permissions id; Type: DEFAULT; Schema: public; Owner: copro_profiles_user
--

ALTER TABLE ONLY public.auth_group_permissions ALTER COLUMN id SET DEFAULT nextval('public.auth_group_permissions_id_seq'::regclass);


--
-- Name: auth_permission id; Type: DEFAULT; Schema: public; Owner: copro_profiles_user
--

ALTER TABLE ONLY public.auth_permission ALTER COLUMN id SET DEFAULT nextval('public.auth_permission_id_seq'::regclass);


--
-- Name: auth_user id; Type: DEFAULT; Schema: public; Owner: copro_profiles_user
--

ALTER TABLE ONLY public.auth_user ALTER COLUMN id SET DEFAULT nextval('public.auth_user_id_seq'::regclass);


--
-- Name: auth_user_groups id; Type: DEFAULT; Schema: public; Owner: copro_profiles_user
--

ALTER TABLE ONLY public.auth_user_groups ALTER COLUMN id SET DEFAULT nextval('public.auth_user_groups_id_seq'::regclass);


--
-- Name: auth_user_user_permissions id; Type: DEFAULT; Schema: public; Owner: copro_profiles_user
--

ALTER TABLE ONLY public.auth_user_user_permissions ALTER COLUMN id SET DEFAULT nextval('public.auth_user_user_permissions_id_seq'::regclass);


--
-- Name: copro_profiles_team id; Type: DEFAULT; Schema: public; Owner: copro_profiles_user
--

ALTER TABLE ONLY public.copro_profiles_team ALTER COLUMN id SET DEFAULT nextval('public.copro_profiles_team_id_seq'::regclass);


--
-- Name: copro_profiles_teamlink id; Type: DEFAULT; Schema: public; Owner: copro_profiles_user
--

ALTER TABLE ONLY public.copro_profiles_teamlink ALTER COLUMN id SET DEFAULT nextval('public.copro_profiles_teamlink_id_seq'::regclass);


--
-- Name: copro_profiles_worker id; Type: DEFAULT; Schema: public; Owner: copro_profiles_user
--

ALTER TABLE ONLY public.copro_profiles_worker ALTER COLUMN id SET DEFAULT nextval('public.copro_profiles_worker_id_seq'::regclass);


--
-- Name: copro_profiles_worker_connections id; Type: DEFAULT; Schema: public; Owner: copro_profiles_user
--

ALTER TABLE ONLY public.copro_profiles_worker_connections ALTER COLUMN id SET DEFAULT nextval('public.copro_profiles_worker_connections_id_seq'::regclass);


--
-- Name: copro_profiles_workerlink id; Type: DEFAULT; Schema: public; Owner: copro_profiles_user
--

ALTER TABLE ONLY public.copro_profiles_workerlink ALTER COLUMN id SET DEFAULT nextval('public.copro_profiles_workerlink_id_seq'::regclass);


--
-- Name: django_admin_log id; Type: DEFAULT; Schema: public; Owner: copro_profiles_user
--

ALTER TABLE ONLY public.django_admin_log ALTER COLUMN id SET DEFAULT nextval('public.django_admin_log_id_seq'::regclass);


--
-- Name: django_content_type id; Type: DEFAULT; Schema: public; Owner: copro_profiles_user
--

ALTER TABLE ONLY public.django_content_type ALTER COLUMN id SET DEFAULT nextval('public.django_content_type_id_seq'::regclass);


--
-- Name: django_migrations id; Type: DEFAULT; Schema: public; Owner: copro_profiles_user
--

ALTER TABLE ONLY public.django_migrations ALTER COLUMN id SET DEFAULT nextval('public.django_migrations_id_seq'::regclass);


--
-- Data for Name: auth_group; Type: TABLE DATA; Schema: public; Owner: copro_profiles_user
--

COPY public.auth_group (id, name) FROM stdin;
\.


--
-- Data for Name: auth_group_permissions; Type: TABLE DATA; Schema: public; Owner: copro_profiles_user
--

COPY public.auth_group_permissions (id, group_id, permission_id) FROM stdin;
\.


--
-- Data for Name: auth_permission; Type: TABLE DATA; Schema: public; Owner: copro_profiles_user
--

COPY public.auth_permission (id, name, content_type_id, codename) FROM stdin;
1	Can add log entry	1	add_logentry
2	Can change log entry	1	change_logentry
3	Can delete log entry	1	delete_logentry
4	Can view log entry	1	view_logentry
5	Can add permission	2	add_permission
6	Can change permission	2	change_permission
7	Can delete permission	2	delete_permission
8	Can view permission	2	view_permission
9	Can add group	3	add_group
10	Can change group	3	change_group
11	Can delete group	3	delete_group
12	Can view group	3	view_group
13	Can add user	4	add_user
14	Can change user	4	change_user
15	Can delete user	4	delete_user
16	Can view user	4	view_user
17	Can add content type	5	add_contenttype
18	Can change content type	5	change_contenttype
19	Can delete content type	5	delete_contenttype
20	Can view content type	5	view_contenttype
21	Can add session	6	add_session
22	Can change session	6	change_session
23	Can delete session	6	delete_session
24	Can view session	6	view_session
25	Can add team	7	add_team
26	Can change team	7	change_team
27	Can delete team	7	delete_team
28	Can view team	7	view_team
29	Can add worker	8	add_worker
30	Can change worker	8	change_worker
31	Can delete worker	8	delete_worker
32	Can view worker	8	view_worker
33	Can add worker link	9	add_workerlink
34	Can change worker link	9	change_workerlink
35	Can delete worker link	9	delete_workerlink
36	Can view worker link	9	view_workerlink
37	Can add team link	10	add_teamlink
38	Can change team link	10	change_teamlink
39	Can delete team link	10	delete_teamlink
40	Can view team link	10	view_teamlink
\.


--
-- Data for Name: auth_user; Type: TABLE DATA; Schema: public; Owner: copro_profiles_user
--

COPY public.auth_user (id, password, last_login, is_superuser, username, first_name, last_name, email, is_staff, is_active, date_joined) FROM stdin;
1	pbkdf2_sha256$180000$OedYBhDGyVUj$00xo37001i9Bkm9kl5Va4ItEZ3z73Y1IeXMJxnxs590=	2019-11-13 16:22:05.982736-05	t	copro_profiles_user			jgoldfuss@coproductions.com	t	t	2019-11-13 16:21:53.87231-05
\.


--
-- Data for Name: auth_user_groups; Type: TABLE DATA; Schema: public; Owner: copro_profiles_user
--

COPY public.auth_user_groups (id, user_id, group_id) FROM stdin;
\.


--
-- Data for Name: auth_user_user_permissions; Type: TABLE DATA; Schema: public; Owner: copro_profiles_user
--

COPY public.auth_user_user_permissions (id, user_id, permission_id) FROM stdin;
\.


--
-- Data for Name: copro_profiles_team; Type: TABLE DATA; Schema: public; Owner: copro_profiles_user
--

COPY public.copro_profiles_team (id, team_name, logo, team_admin_id, description, created_date, updated_date) FROM stdin;
1	Red Bird Marketing	team_logos/Bird_final_aknqPA9.jpg	1	Brand. Marketing. Digital.	2019-11-13	2019-11-13
2	Coproductions	team_logos/coproductions-r-squareicon2_mt6X29l.png	1	Brand. Marketing. Digital.	2019-11-13	2019-11-13
\.


--
-- Data for Name: copro_profiles_teamlink; Type: TABLE DATA; Schema: public; Owner: copro_profiles_user
--

COPY public.copro_profiles_teamlink (id, label, url, screenshot, created_date, updated_date, team_id) FROM stdin;
1	website	https://www.coproductions.com/	link_screenshots/Screen_Shot_2019-11-13_at_4.18.11_PM.png	2019-11-13	2019-11-13	1
\.


--
-- Data for Name: copro_profiles_worker; Type: TABLE DATA; Schema: public; Owner: copro_profiles_user
--

COPY public.copro_profiles_worker (id, first_name, last_name, email, phone, headshot, street, city, state, country, availability, min_hourly_rate, skills, headline, referred_by, "references", referred_to, comments, sign_up_date, updated_date) FROM stdin;
1	Jonathan	Goldfuss	jgoldfuss@gmail.com	2027255770	worker_images/IMG_2336_YVP53Y0.JPG	1348 G St SE	Washington	DC	United States	FTR	150	branding, product design and testing, programming (HTML, CSS, JavaScript, node.js, React, Python, Django, etc.), marketing strategy	Digital Product Leader - from concept to product to brand to growth	Judy Jones	some references	Dan Designer - dan@test.com	comments here	2019-11-13	2019-11-13
2	Judy	Jones	judy@test.com	555-1212	worker_images/Carrie_Anne_Seaver_headshot.jpeg	1348 G St SE	Washington	DC	United States	FTR	150	design, branding, social media, illustration	modern designer with a hand-crafted streak	Jonathan Goldfuss	some references	Dan Designer - dan@test.com	comments here	2019-11-13	2019-11-13
\.


--
-- Data for Name: copro_profiles_worker_connections; Type: TABLE DATA; Schema: public; Owner: copro_profiles_user
--

COPY public.copro_profiles_worker_connections (id, from_worker_id, to_worker_id) FROM stdin;
\.


--
-- Data for Name: copro_profiles_workerlink; Type: TABLE DATA; Schema: public; Owner: copro_profiles_user
--

COPY public.copro_profiles_workerlink (id, label, url, screenshot, created_date, updated_date, worker_id) FROM stdin;
1	LinkedIn	https://www.linkedin.com/in/jgoldfuss/	link_screenshots/Screen_Shot_2019-11-13_at_10.49.48_AM_8gEm973.png	2019-11-13	2019-11-13	1
2	github	https://github.com/Junglefuss	link_screenshots/Screen_Shot_2019-11-13_at_10.50.46_AM_rhp2nhY.png	2019-11-13	2019-11-13	1
\.


--
-- Data for Name: django_admin_log; Type: TABLE DATA; Schema: public; Owner: copro_profiles_user
--

COPY public.django_admin_log (id, action_time, object_id, object_repr, action_flag, change_message, content_type_id, user_id) FROM stdin;
\.


--
-- Data for Name: django_content_type; Type: TABLE DATA; Schema: public; Owner: copro_profiles_user
--

COPY public.django_content_type (id, app_label, model) FROM stdin;
1	admin	logentry
2	auth	permission
3	auth	group
4	auth	user
5	contenttypes	contenttype
6	sessions	session
7	copro_profiles	team
8	copro_profiles	worker
9	copro_profiles	workerlink
10	copro_profiles	teamlink
\.


--
-- Data for Name: django_migrations; Type: TABLE DATA; Schema: public; Owner: copro_profiles_user
--

COPY public.django_migrations (id, app, name, applied) FROM stdin;
1	contenttypes	0001_initial	2019-11-13 16:09:42.208297-05
2	auth	0001_initial	2019-11-13 16:09:42.276855-05
3	admin	0001_initial	2019-11-13 16:09:42.353351-05
4	admin	0002_logentry_remove_auto_add	2019-11-13 16:09:42.391545-05
5	admin	0003_logentry_add_action_flag_choices	2019-11-13 16:09:42.418763-05
6	contenttypes	0002_remove_content_type_name	2019-11-13 16:09:42.462249-05
7	auth	0002_alter_permission_name_max_length	2019-11-13 16:09:42.488015-05
8	auth	0003_alter_user_email_max_length	2019-11-13 16:09:42.522658-05
9	auth	0004_alter_user_username_opts	2019-11-13 16:09:42.556842-05
10	auth	0005_alter_user_last_login_null	2019-11-13 16:09:42.572523-05
11	auth	0006_require_contenttypes_0002	2019-11-13 16:09:42.575655-05
12	auth	0007_alter_validators_add_error_messages	2019-11-13 16:09:42.592268-05
13	auth	0008_alter_user_username_max_length	2019-11-13 16:09:42.670218-05
14	auth	0009_alter_user_last_name_max_length	2019-11-13 16:09:42.686717-05
15	auth	0010_alter_group_name_max_length	2019-11-13 16:09:42.703867-05
16	auth	0011_update_proxy_permissions	2019-11-13 16:09:42.723499-05
17	copro_profiles	0001_initial	2019-11-13 16:09:42.801004-05
18	copro_profiles	0002_auto_20191113_1540	2019-11-13 16:09:42.84357-05
19	copro_profiles	0003_auto_20191113_2048	2019-11-13 16:09:42.895486-05
20	copro_profiles	0004_auto_20191113_2053	2019-11-13 16:09:42.950291-05
21	sessions	0001_initial	2019-11-13 16:09:42.989319-05
\.


--
-- Data for Name: django_session; Type: TABLE DATA; Schema: public; Owner: copro_profiles_user
--

COPY public.django_session (session_key, session_data, expire_date) FROM stdin;
qli86cq3cde7ewnr84qzwdihl9hueqq6	YjAyYmNmMTI3MGQ0Njc2NjgzZjJhNzNiNjc3Y2EzMzg0MjgwNmNlYzp7Il9hdXRoX3VzZXJfaWQiOiIxIiwiX2F1dGhfdXNlcl9iYWNrZW5kIjoiZGphbmdvLmNvbnRyaWIuYXV0aC5iYWNrZW5kcy5Nb2RlbEJhY2tlbmQiLCJfYXV0aF91c2VyX2hhc2giOiJiY2U2NTMwYTYxZjVkNDhhZmU0OWIwZDQwZjEyMjdhZWRkOWI3Zjc2In0=	2019-11-27 16:22:05.986254-05
\.


--
-- Name: auth_group_id_seq; Type: SEQUENCE SET; Schema: public; Owner: copro_profiles_user
--

SELECT pg_catalog.setval('public.auth_group_id_seq', 1, false);


--
-- Name: auth_group_permissions_id_seq; Type: SEQUENCE SET; Schema: public; Owner: copro_profiles_user
--

SELECT pg_catalog.setval('public.auth_group_permissions_id_seq', 1, false);


--
-- Name: auth_permission_id_seq; Type: SEQUENCE SET; Schema: public; Owner: copro_profiles_user
--

SELECT pg_catalog.setval('public.auth_permission_id_seq', 40, true);


--
-- Name: auth_user_groups_id_seq; Type: SEQUENCE SET; Schema: public; Owner: copro_profiles_user
--

SELECT pg_catalog.setval('public.auth_user_groups_id_seq', 1, false);


--
-- Name: auth_user_id_seq; Type: SEQUENCE SET; Schema: public; Owner: copro_profiles_user
--

SELECT pg_catalog.setval('public.auth_user_id_seq', 1, true);


--
-- Name: auth_user_user_permissions_id_seq; Type: SEQUENCE SET; Schema: public; Owner: copro_profiles_user
--

SELECT pg_catalog.setval('public.auth_user_user_permissions_id_seq', 1, false);


--
-- Name: copro_profiles_team_id_seq; Type: SEQUENCE SET; Schema: public; Owner: copro_profiles_user
--

SELECT pg_catalog.setval('public.copro_profiles_team_id_seq', 2, true);


--
-- Name: copro_profiles_teamlink_id_seq; Type: SEQUENCE SET; Schema: public; Owner: copro_profiles_user
--

SELECT pg_catalog.setval('public.copro_profiles_teamlink_id_seq', 1, true);


--
-- Name: copro_profiles_worker_connections_id_seq; Type: SEQUENCE SET; Schema: public; Owner: copro_profiles_user
--

SELECT pg_catalog.setval('public.copro_profiles_worker_connections_id_seq', 1, false);


--
-- Name: copro_profiles_worker_id_seq; Type: SEQUENCE SET; Schema: public; Owner: copro_profiles_user
--

SELECT pg_catalog.setval('public.copro_profiles_worker_id_seq', 2, true);


--
-- Name: copro_profiles_workerlink_id_seq; Type: SEQUENCE SET; Schema: public; Owner: copro_profiles_user
--

SELECT pg_catalog.setval('public.copro_profiles_workerlink_id_seq', 2, true);


--
-- Name: django_admin_log_id_seq; Type: SEQUENCE SET; Schema: public; Owner: copro_profiles_user
--

SELECT pg_catalog.setval('public.django_admin_log_id_seq', 1, false);


--
-- Name: django_content_type_id_seq; Type: SEQUENCE SET; Schema: public; Owner: copro_profiles_user
--

SELECT pg_catalog.setval('public.django_content_type_id_seq', 10, true);


--
-- Name: django_migrations_id_seq; Type: SEQUENCE SET; Schema: public; Owner: copro_profiles_user
--

SELECT pg_catalog.setval('public.django_migrations_id_seq', 21, true);


--
-- Name: auth_group auth_group_name_key; Type: CONSTRAINT; Schema: public; Owner: copro_profiles_user
--

ALTER TABLE ONLY public.auth_group
    ADD CONSTRAINT auth_group_name_key UNIQUE (name);


--
-- Name: auth_group_permissions auth_group_permissions_group_id_permission_id_0cd325b0_uniq; Type: CONSTRAINT; Schema: public; Owner: copro_profiles_user
--

ALTER TABLE ONLY public.auth_group_permissions
    ADD CONSTRAINT auth_group_permissions_group_id_permission_id_0cd325b0_uniq UNIQUE (group_id, permission_id);


--
-- Name: auth_group_permissions auth_group_permissions_pkey; Type: CONSTRAINT; Schema: public; Owner: copro_profiles_user
--

ALTER TABLE ONLY public.auth_group_permissions
    ADD CONSTRAINT auth_group_permissions_pkey PRIMARY KEY (id);


--
-- Name: auth_group auth_group_pkey; Type: CONSTRAINT; Schema: public; Owner: copro_profiles_user
--

ALTER TABLE ONLY public.auth_group
    ADD CONSTRAINT auth_group_pkey PRIMARY KEY (id);


--
-- Name: auth_permission auth_permission_content_type_id_codename_01ab375a_uniq; Type: CONSTRAINT; Schema: public; Owner: copro_profiles_user
--

ALTER TABLE ONLY public.auth_permission
    ADD CONSTRAINT auth_permission_content_type_id_codename_01ab375a_uniq UNIQUE (content_type_id, codename);


--
-- Name: auth_permission auth_permission_pkey; Type: CONSTRAINT; Schema: public; Owner: copro_profiles_user
--

ALTER TABLE ONLY public.auth_permission
    ADD CONSTRAINT auth_permission_pkey PRIMARY KEY (id);


--
-- Name: auth_user_groups auth_user_groups_pkey; Type: CONSTRAINT; Schema: public; Owner: copro_profiles_user
--

ALTER TABLE ONLY public.auth_user_groups
    ADD CONSTRAINT auth_user_groups_pkey PRIMARY KEY (id);


--
-- Name: auth_user_groups auth_user_groups_user_id_group_id_94350c0c_uniq; Type: CONSTRAINT; Schema: public; Owner: copro_profiles_user
--

ALTER TABLE ONLY public.auth_user_groups
    ADD CONSTRAINT auth_user_groups_user_id_group_id_94350c0c_uniq UNIQUE (user_id, group_id);


--
-- Name: auth_user auth_user_pkey; Type: CONSTRAINT; Schema: public; Owner: copro_profiles_user
--

ALTER TABLE ONLY public.auth_user
    ADD CONSTRAINT auth_user_pkey PRIMARY KEY (id);


--
-- Name: auth_user_user_permissions auth_user_user_permissions_pkey; Type: CONSTRAINT; Schema: public; Owner: copro_profiles_user
--

ALTER TABLE ONLY public.auth_user_user_permissions
    ADD CONSTRAINT auth_user_user_permissions_pkey PRIMARY KEY (id);


--
-- Name: auth_user_user_permissions auth_user_user_permissions_user_id_permission_id_14a6b632_uniq; Type: CONSTRAINT; Schema: public; Owner: copro_profiles_user
--

ALTER TABLE ONLY public.auth_user_user_permissions
    ADD CONSTRAINT auth_user_user_permissions_user_id_permission_id_14a6b632_uniq UNIQUE (user_id, permission_id);


--
-- Name: auth_user auth_user_username_key; Type: CONSTRAINT; Schema: public; Owner: copro_profiles_user
--

ALTER TABLE ONLY public.auth_user
    ADD CONSTRAINT auth_user_username_key UNIQUE (username);


--
-- Name: copro_profiles_team copro_profiles_team_pkey; Type: CONSTRAINT; Schema: public; Owner: copro_profiles_user
--

ALTER TABLE ONLY public.copro_profiles_team
    ADD CONSTRAINT copro_profiles_team_pkey PRIMARY KEY (id);


--
-- Name: copro_profiles_teamlink copro_profiles_teamlink_pkey; Type: CONSTRAINT; Schema: public; Owner: copro_profiles_user
--

ALTER TABLE ONLY public.copro_profiles_teamlink
    ADD CONSTRAINT copro_profiles_teamlink_pkey PRIMARY KEY (id);


--
-- Name: copro_profiles_worker_connections copro_profiles_worker_co_from_worker_id_to_worker_a9dad5f1_uniq; Type: CONSTRAINT; Schema: public; Owner: copro_profiles_user
--

ALTER TABLE ONLY public.copro_profiles_worker_connections
    ADD CONSTRAINT copro_profiles_worker_co_from_worker_id_to_worker_a9dad5f1_uniq UNIQUE (from_worker_id, to_worker_id);


--
-- Name: copro_profiles_worker_connections copro_profiles_worker_connections_pkey; Type: CONSTRAINT; Schema: public; Owner: copro_profiles_user
--

ALTER TABLE ONLY public.copro_profiles_worker_connections
    ADD CONSTRAINT copro_profiles_worker_connections_pkey PRIMARY KEY (id);


--
-- Name: copro_profiles_worker copro_profiles_worker_pkey; Type: CONSTRAINT; Schema: public; Owner: copro_profiles_user
--

ALTER TABLE ONLY public.copro_profiles_worker
    ADD CONSTRAINT copro_profiles_worker_pkey PRIMARY KEY (id);


--
-- Name: copro_profiles_workerlink copro_profiles_workerlink_pkey; Type: CONSTRAINT; Schema: public; Owner: copro_profiles_user
--

ALTER TABLE ONLY public.copro_profiles_workerlink
    ADD CONSTRAINT copro_profiles_workerlink_pkey PRIMARY KEY (id);


--
-- Name: django_admin_log django_admin_log_pkey; Type: CONSTRAINT; Schema: public; Owner: copro_profiles_user
--

ALTER TABLE ONLY public.django_admin_log
    ADD CONSTRAINT django_admin_log_pkey PRIMARY KEY (id);


--
-- Name: django_content_type django_content_type_app_label_model_76bd3d3b_uniq; Type: CONSTRAINT; Schema: public; Owner: copro_profiles_user
--

ALTER TABLE ONLY public.django_content_type
    ADD CONSTRAINT django_content_type_app_label_model_76bd3d3b_uniq UNIQUE (app_label, model);


--
-- Name: django_content_type django_content_type_pkey; Type: CONSTRAINT; Schema: public; Owner: copro_profiles_user
--

ALTER TABLE ONLY public.django_content_type
    ADD CONSTRAINT django_content_type_pkey PRIMARY KEY (id);


--
-- Name: django_migrations django_migrations_pkey; Type: CONSTRAINT; Schema: public; Owner: copro_profiles_user
--

ALTER TABLE ONLY public.django_migrations
    ADD CONSTRAINT django_migrations_pkey PRIMARY KEY (id);


--
-- Name: django_session django_session_pkey; Type: CONSTRAINT; Schema: public; Owner: copro_profiles_user
--

ALTER TABLE ONLY public.django_session
    ADD CONSTRAINT django_session_pkey PRIMARY KEY (session_key);


--
-- Name: auth_group_name_a6ea08ec_like; Type: INDEX; Schema: public; Owner: copro_profiles_user
--

CREATE INDEX auth_group_name_a6ea08ec_like ON public.auth_group USING btree (name varchar_pattern_ops);


--
-- Name: auth_group_permissions_group_id_b120cbf9; Type: INDEX; Schema: public; Owner: copro_profiles_user
--

CREATE INDEX auth_group_permissions_group_id_b120cbf9 ON public.auth_group_permissions USING btree (group_id);


--
-- Name: auth_group_permissions_permission_id_84c5c92e; Type: INDEX; Schema: public; Owner: copro_profiles_user
--

CREATE INDEX auth_group_permissions_permission_id_84c5c92e ON public.auth_group_permissions USING btree (permission_id);


--
-- Name: auth_permission_content_type_id_2f476e4b; Type: INDEX; Schema: public; Owner: copro_profiles_user
--

CREATE INDEX auth_permission_content_type_id_2f476e4b ON public.auth_permission USING btree (content_type_id);


--
-- Name: auth_user_groups_group_id_97559544; Type: INDEX; Schema: public; Owner: copro_profiles_user
--

CREATE INDEX auth_user_groups_group_id_97559544 ON public.auth_user_groups USING btree (group_id);


--
-- Name: auth_user_groups_user_id_6a12ed8b; Type: INDEX; Schema: public; Owner: copro_profiles_user
--

CREATE INDEX auth_user_groups_user_id_6a12ed8b ON public.auth_user_groups USING btree (user_id);


--
-- Name: auth_user_user_permissions_permission_id_1fbb5f2c; Type: INDEX; Schema: public; Owner: copro_profiles_user
--

CREATE INDEX auth_user_user_permissions_permission_id_1fbb5f2c ON public.auth_user_user_permissions USING btree (permission_id);


--
-- Name: auth_user_user_permissions_user_id_a95ead1b; Type: INDEX; Schema: public; Owner: copro_profiles_user
--

CREATE INDEX auth_user_user_permissions_user_id_a95ead1b ON public.auth_user_user_permissions USING btree (user_id);


--
-- Name: auth_user_username_6821ab7c_like; Type: INDEX; Schema: public; Owner: copro_profiles_user
--

CREATE INDEX auth_user_username_6821ab7c_like ON public.auth_user USING btree (username varchar_pattern_ops);


--
-- Name: copro_profiles_team_team_admin_id_f45049f9; Type: INDEX; Schema: public; Owner: copro_profiles_user
--

CREATE INDEX copro_profiles_team_team_admin_id_f45049f9 ON public.copro_profiles_team USING btree (team_admin_id);


--
-- Name: copro_profiles_teamlink_team_id_924317ce; Type: INDEX; Schema: public; Owner: copro_profiles_user
--

CREATE INDEX copro_profiles_teamlink_team_id_924317ce ON public.copro_profiles_teamlink USING btree (team_id);


--
-- Name: copro_profiles_worker_connections_from_worker_id_ceed7a8b; Type: INDEX; Schema: public; Owner: copro_profiles_user
--

CREATE INDEX copro_profiles_worker_connections_from_worker_id_ceed7a8b ON public.copro_profiles_worker_connections USING btree (from_worker_id);


--
-- Name: copro_profiles_worker_connections_to_worker_id_8d8ead71; Type: INDEX; Schema: public; Owner: copro_profiles_user
--

CREATE INDEX copro_profiles_worker_connections_to_worker_id_8d8ead71 ON public.copro_profiles_worker_connections USING btree (to_worker_id);


--
-- Name: copro_profiles_workerlink_worker_id_0a5b3bb7; Type: INDEX; Schema: public; Owner: copro_profiles_user
--

CREATE INDEX copro_profiles_workerlink_worker_id_0a5b3bb7 ON public.copro_profiles_workerlink USING btree (worker_id);


--
-- Name: django_admin_log_content_type_id_c4bce8eb; Type: INDEX; Schema: public; Owner: copro_profiles_user
--

CREATE INDEX django_admin_log_content_type_id_c4bce8eb ON public.django_admin_log USING btree (content_type_id);


--
-- Name: django_admin_log_user_id_c564eba6; Type: INDEX; Schema: public; Owner: copro_profiles_user
--

CREATE INDEX django_admin_log_user_id_c564eba6 ON public.django_admin_log USING btree (user_id);


--
-- Name: django_session_expire_date_a5c62663; Type: INDEX; Schema: public; Owner: copro_profiles_user
--

CREATE INDEX django_session_expire_date_a5c62663 ON public.django_session USING btree (expire_date);


--
-- Name: django_session_session_key_c0390e0f_like; Type: INDEX; Schema: public; Owner: copro_profiles_user
--

CREATE INDEX django_session_session_key_c0390e0f_like ON public.django_session USING btree (session_key varchar_pattern_ops);


--
-- Name: auth_group_permissions auth_group_permissio_permission_id_84c5c92e_fk_auth_perm; Type: FK CONSTRAINT; Schema: public; Owner: copro_profiles_user
--

ALTER TABLE ONLY public.auth_group_permissions
    ADD CONSTRAINT auth_group_permissio_permission_id_84c5c92e_fk_auth_perm FOREIGN KEY (permission_id) REFERENCES public.auth_permission(id) DEFERRABLE INITIALLY DEFERRED;


--
-- Name: auth_group_permissions auth_group_permissions_group_id_b120cbf9_fk_auth_group_id; Type: FK CONSTRAINT; Schema: public; Owner: copro_profiles_user
--

ALTER TABLE ONLY public.auth_group_permissions
    ADD CONSTRAINT auth_group_permissions_group_id_b120cbf9_fk_auth_group_id FOREIGN KEY (group_id) REFERENCES public.auth_group(id) DEFERRABLE INITIALLY DEFERRED;


--
-- Name: auth_permission auth_permission_content_type_id_2f476e4b_fk_django_co; Type: FK CONSTRAINT; Schema: public; Owner: copro_profiles_user
--

ALTER TABLE ONLY public.auth_permission
    ADD CONSTRAINT auth_permission_content_type_id_2f476e4b_fk_django_co FOREIGN KEY (content_type_id) REFERENCES public.django_content_type(id) DEFERRABLE INITIALLY DEFERRED;


--
-- Name: auth_user_groups auth_user_groups_group_id_97559544_fk_auth_group_id; Type: FK CONSTRAINT; Schema: public; Owner: copro_profiles_user
--

ALTER TABLE ONLY public.auth_user_groups
    ADD CONSTRAINT auth_user_groups_group_id_97559544_fk_auth_group_id FOREIGN KEY (group_id) REFERENCES public.auth_group(id) DEFERRABLE INITIALLY DEFERRED;


--
-- Name: auth_user_groups auth_user_groups_user_id_6a12ed8b_fk_auth_user_id; Type: FK CONSTRAINT; Schema: public; Owner: copro_profiles_user
--

ALTER TABLE ONLY public.auth_user_groups
    ADD CONSTRAINT auth_user_groups_user_id_6a12ed8b_fk_auth_user_id FOREIGN KEY (user_id) REFERENCES public.auth_user(id) DEFERRABLE INITIALLY DEFERRED;


--
-- Name: auth_user_user_permissions auth_user_user_permi_permission_id_1fbb5f2c_fk_auth_perm; Type: FK CONSTRAINT; Schema: public; Owner: copro_profiles_user
--

ALTER TABLE ONLY public.auth_user_user_permissions
    ADD CONSTRAINT auth_user_user_permi_permission_id_1fbb5f2c_fk_auth_perm FOREIGN KEY (permission_id) REFERENCES public.auth_permission(id) DEFERRABLE INITIALLY DEFERRED;


--
-- Name: auth_user_user_permissions auth_user_user_permissions_user_id_a95ead1b_fk_auth_user_id; Type: FK CONSTRAINT; Schema: public; Owner: copro_profiles_user
--

ALTER TABLE ONLY public.auth_user_user_permissions
    ADD CONSTRAINT auth_user_user_permissions_user_id_a95ead1b_fk_auth_user_id FOREIGN KEY (user_id) REFERENCES public.auth_user(id) DEFERRABLE INITIALLY DEFERRED;


--
-- Name: copro_profiles_team copro_profiles_team_team_admin_id_f45049f9_fk_copro_pro; Type: FK CONSTRAINT; Schema: public; Owner: copro_profiles_user
--

ALTER TABLE ONLY public.copro_profiles_team
    ADD CONSTRAINT copro_profiles_team_team_admin_id_f45049f9_fk_copro_pro FOREIGN KEY (team_admin_id) REFERENCES public.copro_profiles_worker(id) DEFERRABLE INITIALLY DEFERRED;


--
-- Name: copro_profiles_teamlink copro_profiles_teaml_team_id_924317ce_fk_copro_pro; Type: FK CONSTRAINT; Schema: public; Owner: copro_profiles_user
--

ALTER TABLE ONLY public.copro_profiles_teamlink
    ADD CONSTRAINT copro_profiles_teaml_team_id_924317ce_fk_copro_pro FOREIGN KEY (team_id) REFERENCES public.copro_profiles_team(id) DEFERRABLE INITIALLY DEFERRED;


--
-- Name: copro_profiles_worker_connections copro_profiles_worke_from_worker_id_ceed7a8b_fk_copro_pro; Type: FK CONSTRAINT; Schema: public; Owner: copro_profiles_user
--

ALTER TABLE ONLY public.copro_profiles_worker_connections
    ADD CONSTRAINT copro_profiles_worke_from_worker_id_ceed7a8b_fk_copro_pro FOREIGN KEY (from_worker_id) REFERENCES public.copro_profiles_worker(id) DEFERRABLE INITIALLY DEFERRED;


--
-- Name: copro_profiles_worker_connections copro_profiles_worke_to_worker_id_8d8ead71_fk_copro_pro; Type: FK CONSTRAINT; Schema: public; Owner: copro_profiles_user
--

ALTER TABLE ONLY public.copro_profiles_worker_connections
    ADD CONSTRAINT copro_profiles_worke_to_worker_id_8d8ead71_fk_copro_pro FOREIGN KEY (to_worker_id) REFERENCES public.copro_profiles_worker(id) DEFERRABLE INITIALLY DEFERRED;


--
-- Name: copro_profiles_workerlink copro_profiles_worke_worker_id_0a5b3bb7_fk_copro_pro; Type: FK CONSTRAINT; Schema: public; Owner: copro_profiles_user
--

ALTER TABLE ONLY public.copro_profiles_workerlink
    ADD CONSTRAINT copro_profiles_worke_worker_id_0a5b3bb7_fk_copro_pro FOREIGN KEY (worker_id) REFERENCES public.copro_profiles_worker(id) DEFERRABLE INITIALLY DEFERRED;


--
-- Name: django_admin_log django_admin_log_content_type_id_c4bce8eb_fk_django_co; Type: FK CONSTRAINT; Schema: public; Owner: copro_profiles_user
--

ALTER TABLE ONLY public.django_admin_log
    ADD CONSTRAINT django_admin_log_content_type_id_c4bce8eb_fk_django_co FOREIGN KEY (content_type_id) REFERENCES public.django_content_type(id) DEFERRABLE INITIALLY DEFERRED;


--
-- Name: django_admin_log django_admin_log_user_id_c564eba6_fk_auth_user_id; Type: FK CONSTRAINT; Schema: public; Owner: copro_profiles_user
--

ALTER TABLE ONLY public.django_admin_log
    ADD CONSTRAINT django_admin_log_user_id_c564eba6_fk_auth_user_id FOREIGN KEY (user_id) REFERENCES public.auth_user(id) DEFERRABLE INITIALLY DEFERRED;


--
-- PostgreSQL database dump complete
--

